species,length,weight
bowhead,20.5,89391.82692
bowhead,20.8,90700
bowhead,19.8,86339.42308
bowhead,18.7,81542.78846
bowhead,19.5,85031.25
bowhead,20.1,87647.59615
southern,16.2,71030.76924
southern,18.2,79800.00001
southern,17,74538.46155
southern,14.5,63576.92308
southern,15.5,67961.53847
southern,15.2,66646.15385